{
    "params/ardupilot/ArduRover/4.2/sitl/SITL.params": {
        "ARSPD_PIN": 1.0,
        "ARSPD_BUS": 2.0,
        "ATC_SPEED_P": 0.1,
        "ATC_STR_RAT_FF": 0.75,
        "BATT_MONITOR": 4.0,
        "CRUISE_SPEED": 5.0,
        "CRUISE_THROTTLE": 30.0,
        "INS_ACC2OFFS_X": 0.001,
        "INS_ACC2OFFS_Y": 0.001,
        "INS_ACC2OFFS_Z": 0.001,
        "INS_ACC2SCAL_X": 1.001,
        "INS_ACC2SCAL_Y": 1.001,
        "INS_ACC2SCAL_Z": 1.001,
        "INS_ACCOFFS_X": 0.001,
        "INS_ACCOFFS_Y": 0.001,
        "INS_ACCOFFS_Z": 0.001,
        "INS_ACCSCAL_X": 1.001,
        "INS_ACCSCAL_Y": 1.001,
        "INS_ACCSCAL_Z": 1.001,
        "MODE3": 11.0,
        "MODE4": 10.0,
        "MODE5": 2.0,
        "RC1_MAX": 2000.0,
        "RC1_MIN": 1000.0,
        "RC3_MAX": 2000.0,
        "RC3_MIN": 1000.0,
        "RELAY_PIN": 1.0,
        "RELAY_PIN2": 2.0,
        "SERVO1_MIN": 1000.0,
        "SERVO1_MAX": 2000.0,
        "SERVO3_MAX": 2000.0,
        "SERVO3_MIN": 1000.0,
        "SIM_PIN_MASK": 127.0,
        "WP_RADIUS": 3.0,
        "WP_SPEED": 5.0,
        "INS_LOG_BAT_MASK": 127.0,
        "FRAME_CLASS": 2.0,
        "SIM_TIDE_0.": 5.0,
        "SIM_WIND_SPD": 3.0,
        "SIM_WIND_T": 1.0,
        "SIM_WAVE_ENABLE": 1.0
    },
    "params/ardupilot/ArduRover/4.2/Navigator/BlueBoat120.params": {
        "20.000000000000000000": 9.0,
        "0.100000001490116119": 9.0,
        "0.000000000000000000": 9.0,
        "3": 2.0,
        "1.000000000000000000": 9.0,
        "6": 2.0,
        "1": 4.0,
        "8": 2.0,
        "0.200000002980232239": 9.0,
        "-0.000666944775730371": 9.0,
        "0": 2.0,
        "0.750000000000000000": 9.0,
        "32": 4.0,
        "2": 2.0,
        "0.029999999329447746": 9.0,
        "10.000000000000000000": 9.0,
        "1.500000000000000000": 9.0,
        "1.799999952316284180": 9.0,
        "0.500000000000000000": 9.0,
        "0.400000005960464478": 9.0,
        "30.000000000000000000": 9.0,
        "0.050000000745058060": 9.0,
        "60.000000000000000000": 9.0,
        "1.200000047683715820": 9.0,
        "0.600000023841857910": 9.0,
        "-1": 2.0,
        "3.000000000000000000": 9.0,
        "2.000000000000000000": 9.0,
        "226825": 6.0,
        "101531.250000000000000000": 9.0,
        "1.625000000000000000": 9.0,
        "100.000000000000000000": 9.0,
        "12.000000000000000000": 9.0,
        "4": 2.0,
        "10": 4.0,
        "11.399999618530273438": 9.0,
        "5": 2.0,
        "4.300000190734863281": 9.0,
        "1100": 4.0,
        "1300": 4.0,
        "16.000000000000000000": 9.0,
        "0.272289276123046875": 9.0,
        "1051697": 6.0,
        "1245450": 6.0,
        "1379337": 6.0,
        "0.917115092277526855": 9.0,
        "0.999775052070617676": 9.0,
        "0.994603097438812256": 9.0,
        "0.010979240760207176": 9.0,
        "0.019024457782506943": 9.0,
        "1800": 4.0,
        "-65.755592346191406250": 9.0,
        "37.392486572265625000": 9.0,
        "103.603210449218750000": 9.0,
        "-28.529645919799804688": 9.0,
        "-234.483367919921875000": 9.0,
        "285.149108886718750000": 9.0,
        "-20.302522659301757813": 9.0,
        "16.463212966918945313": 9.0,
        "-43.078517913818359375": 9.0,
        "12": 4.0,
        "1.044748902320861816": 9.0,
        "1.041211128234863281": 9.0,
        "18": 2.0,
        "0.003000000026077032": 9.0,
        "0.349999994039535522": 9.0,
        "50": 4.0,
        "500": 4.0,
        "100": 4.0,
        "400": 4.0,
        "1.399999976158142090": 9.0,
        "300": 4.0,
        "0.250000000000000000": 9.0,
        "0.001000000047497451": 9.0,
        "25": 2.0,
        "4.000000000000000000": 9.0,
        "31": 2.0,
        "0.014999999664723873": 9.0,
        "60": 4.0,
        "0.000099999997473788": 9.0,
        "2.500000000000000000": 9.0,
        "0.699999988079071045": 9.0,
        "0.899999976158142090": 9.0,
        "300.000000000000000000": 9.0,
        "16": 2.0,
        "20": 4.0,
        "7": 4.0,
        "27": 2.0,
        "13": 2.0,
        "0.800000011920928955": 9.0,
        "910": 4.0,
        "127": 2.0,
        "-100": 2.0,
        "200": 4.0,
        "-256": 4.0,
        "47.063041687011718750": 9.0,
        "-300.000000000000000000": 9.0,
        "0.081719011068344116": 9.0,
        "0.998095810413360596": 9.0,
        "3080714": 6.0,
        "41.920997619628906250": 9.0,
        "0.003004779107868671": 9.0,
        "-0.020744696259498596": 9.0,
        "-0.007062521297484636": 9.0,
        "1024": 4.0,
        "65535": 6.0,
        "199": 6.0,
        "1900": 4.0,
        "1500": 4.0,
        "30": 4.0,
        "1901": 4.0,
        "37": 6.0,
        "5000": 4.0,
        "115": 6.0,
        "57": 6.0,
        "9": 2.0,
        "21": 2.0,
        "15": 2.0,
        "74": 4.0,
        "1510": 4.0,
        "73": 4.0,
        "4095": 6.0,
        "2.400000095367431641": 9.0,
        "4566": 6.0,
        "229668384": 6.0,
        "18353": 6.0,
        "255": 4.0,
        "3.299999952316284180": 9.0,
        "1.345999956130981445": 9.0,
        "-1.000000000000000000": 9.0
    },
    "params/ardupilot/ArduSub/4.1/base.params": {
        "BATT_CAPACITY,": 0.0,
        "BATT_AMP_OFFSET,": 0.33,
        "BATT_AMP_PERVLT,": 37.8788,
        "BATT_VOLT_MULT,": 11.0,
        "BATT_MONITOR,": 4.0,
        "AHRS_ORIENTATION:": 16.0,
        "BRD_RTC_TYPES:": 3.0,
        "MNT_RC_IN_TILT:": 8.0,
        "MNT_TYPE:": 1.0,
        "SERIAL0_PROTOCOL:": 2.0
    },
    "params/ardupilot/ArduSub/4.1/standard.params": {
        "BATT_CAPACITY,": 0.0,
        "BATT_AMP_OFFSET,": 0.33,
        "BATT_AMP_PERVLT,": 37.8788,
        "BATT_VOLT_MULT,": 11.0,
        "BATT_MONITOR,": 4.0,
        "AHRS_ORIENTATION:": 16.0,
        "BRD_RTC_TYPES:": 3.0,
        "MNT_RC_IN_TILT:": 8.0,
        "MNT_TYPE:": 1.0,
        "SERIAL0_PROTOCOL:": 2.0,
        "ATC_ANG_RLL_P:": 0.0,
        "FRAME_CONFIG:": 1.0
    },
    "params/ardupilot/ArduSub/4.1/heavy.params": {
        "BATT_CAPACITY,": 0.0,
        "BATT_AMP_OFFSET,": 0.33,
        "BATT_AMP_PERVLT,": 37.8788,
        "BATT_VOLT_MULT,": 11.0,
        "BATT_MONITOR,": 4.0,
        "AHRS_ORIENTATION:": 16.0,
        "BRD_RTC_TYPES:": 3.0,
        "MNT_RC_IN_TILT:": 8.0,
        "MNT_TYPE:": 1.0,
        "SERIAL0_PROTOCOL:": 2.0,
        "ATC_ANG_PIT_P:": 6.0,
        "ATC_ANG_RLL_P:": 6.0,
        "ATC_ANG_YAW_P:": 6.0,
        "FRAME_CONFIG:": 2.0,
        "SERVO7_FUNCTION:": 39.0,
        "SERVO8_FUNCTION:": 40.0,
        "SERVO8_REVERSED:": 0.0,
        "SERVO9_FUNCTION:": 59.0,
        "SERVO10_FUNCTION:": 7.0,
        "SERVO10_REVERSED:": 1.0
    },
    "params/ardupilot/ArduSub/4.1/navigator/standard.params": {
        "LEAK1_PIN:": 27.0,
        "BATT_CAPACITY,": 0.0,
        "BATT_AMP_OFFSET,": 0.33,
        "BATT_AMP_PERVLT,": 37.8788,
        "BATT_VOLT_MULT,": 11.0,
        "BATT_MONITOR,": 4.0,
        "AHRS_ORIENTATION:": 16.0,
        "BRD_RTC_TYPES:": 3.0,
        "MNT_RC_IN_TILT:": 8.0,
        "MNT_TYPE:": 1.0,
        "SERIAL0_PROTOCOL:": 2.0,
        "ATC_ANG_RLL_P:": 0.0,
        "FRAME_CONFIG:": 1.0
    },
    "params/ardupilot/ArduSub/4.1/navigator/heavy.params": {
        "LEAK1_PIN:": 27.0,
        "BATT_CAPACITY,": 0.0,
        "BATT_AMP_OFFSET,": 0.33,
        "BATT_AMP_PERVLT,": 37.8788,
        "BATT_VOLT_MULT,": 11.0,
        "BATT_MONITOR,": 4.0,
        "AHRS_ORIENTATION:": 16.0,
        "BRD_RTC_TYPES:": 3.0,
        "MNT_RC_IN_TILT:": 8.0,
        "MNT_TYPE:": 1.0,
        "SERIAL0_PROTOCOL:": 2.0,
        "ATC_ANG_PIT_P:": 6.0,
        "ATC_ANG_RLL_P:": 6.0,
        "ATC_ANG_YAW_P:": 6.0,
        "FRAME_CONFIG:": 2.0,
        "SERVO7_FUNCTION:": 39.0,
        "SERVO8_FUNCTION:": 40.0,
        "SERVO8_REVERSED:": 0.0,
        "SERVO9_FUNCTION:": 59.0,
        "SERVO10_FUNCTION:": 7.0,
        "SERVO10_REVERSED:": 1.0
    },